true	deductive	To Kill a Mockingbird is a popular book.	It is widely read in high schools and middle schools.	To Kill a Mockingbird is a novel by the American author Harper Lee. It was published in 1960 and was instantly successful. In the United States, it is widely read in high schools and middle schools.
true	deductive	To Kill a Mockingbird is a highly acclaimed book.	A year after its release, it won the Pulitzer Prize.	A year after its release, it won the Pulitzer Prize. The plot and characters are loosely based on Lee's observations of her family, her neighbors and an event that occurred near her hometown of Monroeville, Alabama, in 1936, when she was ten.
true	deductive number	To Kill a Mockingbird has over 200 pages.	The book has 281 pages.	To Kill a Mockingbird is a novel by the American author Harper Lee, composed of 281 pages. It was published in 1960 and was instantly successful.
true	deductive time	To Kill a Mockingbird was published in the 1960s.	The book was published on July 11, 1960.	To Kill a Mockingbird is a novel by the American author Harper Lee. It was published in 1960 and was instantly successful. In the United States, it is widely read in high schools and middle schools. To Kill a Mockingbird has become a classic of modern American literature; a year after its release, it won the Pulitzer Prize.
true	deductive	Tom Jones is from Wales.	Tom Jones is a Welsh singer. 	Tom Jones (born 7 June 1940) is a Welsh singer. His career began with a string of top 10 hits in the 1960s and he has since toured regularly, with appearances in Las Vegas from 1967 to 2011. His voice has been described by AllMusic as a "full-throated, robust baritone".
true	deductive	Tom Jones is good at singing low notes.	His voice has been described by AllMusic as a "full-throated, robust baritone".	Tom Jones (born 7 June 1940) is a Welsh singer. His career began with a string of top 10 hits in the 1960s and he has since toured regularly, with appearances in Las Vegas from 1967 to 2011. His voice has been described by AllMusic as a "full-throated, robust baritone".
true	deductive number	Tom Jones is over 80 years old.	Tom Jones was born on 7 June 1940.	Tom Jones (born 7 June 1940) is a Welsh singer. His career began with a string of top 10 hits in the 1960s and he has since toured regularly, with appearances in Las Vegas from 1967 to 2011. His voice has been described by AllMusic as a "full-throated, robust baritone".
true	deductive time	Tom Jones made appearences in the 2010s.	He has since toured regularly, with appearances in Las Vegas from 1967 to 2011. 	Tom Jones (born 7 June 1940) is a Welsh singer. His career began with a string of top 10 hits in the 1960s and he has since toured regularly, with appearances in Las Vegas from 1967 to 2011. His voice has been described by AllMusic as a "full-throated, robust baritone".
true	deductive	The Exorcist is based on a book.	The Exorcist is based on a 1971 novel of the same name. 	The Exorcist is a 1973 American supernatural horror film directed by William Friedkin from a screenplay by William Peter Blatty, based on his 1971 novel of the same name. 
true	deductive	The Exorcist has a supernatural plot.	The story follows the demonic possession of a young girl.	The story follows the demonic possession of a young girl and her mother's attempt to rescue her through an exorcism by two Catholic priests.
true	deductive number	The Exorcist features multiple priests.	The film's story involves two Catholic priests.	The story follows the demonic possession of a young girl and her mother's attempt to rescue her through an exorcism by two Catholic priests.
true	deductive time	The Exorcist was released in 1973.	The Exorcist is a 1973 American supernatural horror film.	The Exorcist is a 1973 American supernatural horror film directed by William Friedkin from a screenplay by William Peter Blatty, based on his 1971 novel of the same name. 
true	deductive	Anne Frank had a diary.	Anne Frank was a celebrated diarist.	Anne Frank was a German-born Jewish girl who kept a diary in which she documented life in hiding under Nazi persecution. She is a celebrated diarist who described everyday life from her family hiding place in an Amsterdam attic. One of the most-discussed Jewish victims of the Holocaust, she gained fame posthumously with the 1947 publication of The Diary of a Young Girl (originally Het Achterhuis in Dutch, lit.'the back house'; English: The Secret Annex), in which she documents her life in hiding from 1942 to 1944, during the German occupation of the Netherlands in World War II. It is one of the world's best-known books and has been the basis for several plays and films.
true	abductive	Anne Frank hid from the Nazis.	Anne Frank, a jewish girl, was in hiding from 1942 to 1944, during the German occupation of the Netherlands in World War II. 	Anne Frank was a German-born Jewish girl who kept a diary. She is a celebrated diarist who described everyday life from her family hiding place in an Amsterdam attic. One of the most-discussed Jewish victims of the Holocaust, she gained fame posthumously with the 1947 publication of The Diary of a Young Girl (originally Het Achterhuis in Dutch, lit.'the back house'; English: The Secret Annex), in which she documents her life in hiding from 1942 to 1944, during the German occupation of the Netherlands in World War II. It is one of the world's best-known books and has been the basis for several plays and films.
true	deductive number	Anne Frank hid for more than 2 years.	She was in hiding from 1942 to 1944.	Anne Frank was a German-born Jewish girl who kept a diary in which she documented life in hiding under Nazi persecution. She is a celebrated diarist who described everyday life from her family hiding place in an Amsterdam attic. One of the most-discussed Jewish victims of the Holocaust, she gained fame posthumously with the 1947 publication of The Diary of a Young Girl (originally Het Achterhuis in Dutch, lit.'the back house'; English: The Secret Annex), in which she documents her life in hiding from 1942 to 1944, during the German occupation of the Netherlands in World War II. It is one of the world's best-known books and has been the basis for several plays and films.
true	deductive time	Anne Frank did not survive 1945.	Anne Frank (12 June 1929 – c.February or March 1945) was a German-born Jewish girl.	Anne Frank was a German-born Jewish girl who kept a diary in which she documented life in hiding under Nazi persecution. She is a celebrated diarist who described everyday life from her family hiding place in an Amsterdam attic. One of the most-discussed Jewish victims of the Holocaust, she gained fame posthumously with the 1947 publication of The Diary of a Young Girl (originally Het Achterhuis in Dutch, lit.'the back house'; English: The Secret Annex), in which she documents her life in hiding from 1942 to 1944, during the German occupation of the Netherlands in World War II. It is one of the world's best-known books and has been the basis for several plays and films.
true	deductive	Freddie Highmore started acting at a young age.	Freddie Highmore is known for his starring roles beginning as a child.	Freddie Highmore is an English actor. He is known for his starring roles beginning as a child, in the films Finding Neverland (2004), Charlie and the Chocolate Factory (2005), August Rush (2007), and The Spiderwick Chronicles (2008). He won two consecutive Critics' Choice Movie Awards for Best Young Performer.
true	deductive	Freddie Highmore was a good actor.	He is known for his starring roles beginning as a child, in the films Finding Neverland (2004), Charlie and the Chocolate Factory (2005), August Rush (2007), and The Spiderwick Chronicles (2008).	Freddie Highmore is an English actor. He is known for his starring roles beginning as a child, in the films Finding Neverland (2004), Charlie and the Chocolate Factory (2005), August Rush (2007), and The Spiderwick Chronicles (2008). He won two consecutive Critics' Choice Movie Awards for Best Young Performer.
true	deductive number	Freddie Highmore was in at least 3 films.	He is known for his starring roles beginning as a child, in the films Finding Neverland (2004), Charlie and the Chocolate Factory (2005), August Rush (2007), and The Spiderwick Chronicles (2008).	Freddie Highmore is an English actor. He is known for his starring roles beginning as a child, in the films Finding Neverland (2004), Charlie and the Chocolate Factory (2005), August Rush (2007), and The Spiderwick Chronicles (2008). He won two consecutive Critics' Choice Movie Awards for Best Young Performer.
true	deductive time	Freddie Highmore was born before he starred in the film Finding Neverland.	He is known for his starring roles beginning as a child, in the films Finding Neverland (2004), Charlie and the Chocolate Factory (2005), August Rush (2007), and The Spiderwick Chronicles (2008).	Freddie Highmore is an English actor. He is known for his starring roles beginning as a child, in the films Finding Neverland (2004), Charlie and the Chocolate Factory (2005), August Rush (2007), and The Spiderwick Chronicles (2008). He won two consecutive Critics' Choice Movie Awards for Best Young Performer.
true	deductive	Adidas is a European company.	It is the largest sportswear manufacturer in Europe.	Adidas AG; stylized as adidas since 1949) is a German athletic apparel and footwear corporation headquartered in Herzogenaurach, Bavaria, Germany. It is the largest sportswear manufacturer in Europe, and the second largest in the world, after Nike. It is the holding company for the Adidas Group, which also owns an 8.33% stake of the football club Bayern München, and Runtastic, an Austrian fitness technology company. Adidas's revenue for 2018 was listed at EUR 21.915 billion.
true	deductive	Adidas sells sport shoes.	Adidas is a German athletic apparel and footwear corporation.	Adidas AG; stylized as adidas since 1949) is a German athletic apparel and footwear corporation headquartered in Herzogenaurach, Bavaria, Germany. It is the largest sportswear manufacturer in Europe, and the second largest in the world, after Nike. It is the holding company for the Adidas Group, which also owns an 8.33% stake of the football club Bayern München, and Runtastic, an Austrian fitness technology company. Adidas's revenue for 2018 was listed at EUR 21.915 billion.
true	deductive number	Adidas had a revenue of over 20 billion euros in 2018.	Adidas's revenue for 2018 was listed at EUR 21.915 billion.	Adidas AG; stylized as adidas since 1949) is a German athletic apparel and footwear corporation headquartered in Herzogenaurach, Bavaria, Germany. It is the largest sportswear manufacturer in Europe, and the second largest in the world, after Nike. It is the holding company for the Adidas Group, which also owns an 8.33% stake of the football club Bayern München, and Runtastic, an Austrian fitness technology company. Adidas's revenue for 2018 was listed at EUR 21.915 billion.
true	deductive time	Adidas operated during the 2010s.	Adidas's revenue for 2018 was listed at EUR 21.915 billion.	Adidas AG; stylized as adidas since 1949) is a German athletic apparel and footwear corporation headquartered in Herzogenaurach, Bavaria, Germany. It is the largest sportswear manufacturer in Europe, and the second largest in the world, after Nike. It is the holding company for the Adidas Group, which also owns an 8.33% stake of the football club Bayern München, and Runtastic, an Austrian fitness technology company. Adidas's revenue for 2018 was listed at EUR 21.915 billion.
true	deductive	Loss was published online.	Loss is a strip published on June 2, 2008, by Tim Buckley for his gaming-related webcomic Ctrl+Alt+Del.	"Loss", sometimes referred to as "Loss.jpg", is a strip published on June 2, 2008, by Tim Buckley for his gaming-related webcomic Ctrl+Alt+Del. Set during a storyline in which the main character Ethan and his fiancee Lilah are expecting their first child, the strip—presented as a four-panel comic with no dialogue—shows Ethan entering a hospital, where he sees Lilah weeping in a hospital bed after suffering a miscarriage. Buckley cited events in his life as inspiration for the comic.
true	deductive	Loss has a dark plot.	Set during a storyline in which the main character Ethan and his fiancee Lilah are expecting their first child, the strip shows Ethan entering a hospital, where he sees Lilah weeping in a hospital bed after suffering a miscarriage.	"Loss", sometimes referred to as "Loss.jpg", is a strip published on June 2, 2008, by Tim Buckley for his gaming-related webcomic Ctrl+Alt+Del. Set during a storyline in which the main character Ethan and his fiancee Lilah are expecting their first child, the strip—presented as a four-panel comic with no dialogue—shows Ethan entering a hospital, where he sees Lilah weeping in a hospital bed after suffering a miscarriage. Buckley cited events in his life as inspiration for the comic.
true	deductive number	Loss featured multiple characters.	The strip features the main character Ethan and his fiancee Lilah.	"Loss", sometimes referred to as "Loss.jpg", is a strip published on June 2, 2008, by Tim Buckley for his gaming-related webcomic Ctrl+Alt+Del. Set during a storyline in which the main character Ethan and his fiancee Lilah are expecting their first child, the strip—presented as a four-panel comic with no dialogue—shows Ethan entering a hospital, where he sees Lilah weeping in a hospital bed after suffering a miscarriage. Buckley cited events in his life as inspiration for the comic.
true	deductive time	Loss was published before the 2019 coronavirus pandmeic.	Loss is a strip published on June 2, 2008.	"Loss", sometimes referred to as "Loss.jpg", is a strip published on June 2, 2008, by Tim Buckley for his gaming-related webcomic Ctrl+Alt+Del. Set during a storyline in which the main character Ethan and his fiancee Lilah are expecting their first child, the strip—presented as a four-panel comic with no dialogue—shows Ethan entering a hospital, where he sees Lilah weeping in a hospital bed after suffering a miscarriage. Buckley cited events in his life as inspiration for the comic.
true	deductive	Fibromyalgia has many symptoms.	Fibromyalgia is a medical condition defined by the presence of chronic widespread pain, fatigue, waking unrefreshed, cognitive symptoms, lower abdominal pain or cramps, and depression. Other symptoms include insomnia and a general hypersensitivity.	Fibromyalgia is a medical condition defined by the presence of chronic widespread pain, fatigue, waking unrefreshed, cognitive symptoms, lower abdominal pain or cramps, and depression. Other symptoms include insomnia and a general hypersensitivity. The cause of fibromyalgia is unknown, but is believed to involve a combination of genetic and environmental factors.
true	???	Fibromyalgia can make it hard to get out of bed.	Symptoms include fatigue, waking unrefreshed, and depression.	Fibromyalgia is a medical condition defined by the presence of chronic widespread pain, fatigue, waking unrefreshed, cognitive symptoms, lower abdominal pain or cramps, and depression. Other symptoms include insomnia and a general hypersensitivity. The cause of fibromyalgia is unknown, but is believed to involve a combination of genetic and environmental factors.
true	deductive number	Fibromyalgia has at least 5 symptoms.	Fibromyalgia is a medical condition defined by the presence of chronic widespread pain, fatigue, waking unrefreshed, cognitive symptoms, lower abdominal pain or cramps, and depression. Other symptoms include insomnia and a general hypersensitivity.	Fibromyalgia is a medical condition defined by the presence of chronic widespread pain, fatigue, waking unrefreshed, cognitive symptoms, lower abdominal pain or cramps, and depression. Other symptoms include insomnia and a general hypersensitivity. The cause of fibromyalgia is unknown, but is believed to involve a combination of genetic and environmental factors.
true	deductive time	What causes fibromyalgia is currently uncertain.	The cause of fibromyalgia is unknown, but is believed to involve a combination of genetic and environmental factors.	Fibromyalgia is a medical condition defined by the presence of chronic widespread pain, fatigue, waking unrefreshed, cognitive symptoms, lower abdominal pain or cramps, and depression. Other symptoms include insomnia and a general hypersensitivity. The cause of fibromyalgia is unknown, but is believed to involve a combination of genetic and environmental factors.
true	deductive	Lily Allen is female.	Lily Allen is an English singer-songwriter and actress.	Lily Allen is an English singer-songwriter and actress. She is the daughter of actor Keith Allen and film producer Alison Owen. Her music career began in 2005 when she made some of her vocal recordings public on Myspace and the publicity resulted in airplay on BBC Radio 1 and a contract with Regal Recordings. Her first mainstream single, "Smile", reached number one on the UK Singles Chart in July 2006. Her debut record, Alright, Still, was well received, selling over 2.6 million copies worldwide and bringing Allen nominations at the Grammy Awards, the Brit Awards, and the MTV Video Music Awards.
true	abductive	Lily Allen's popularity was bolstered by the internet.	Her music career began in 2005 when she made some of her vocal recordings public on Myspace.	Lily Allen is an English singer-songwriter and actress. She is the daughter of actor Keith Allen and film producer Alison Owen. Her music career began in 2005 when she made some of her vocal recordings public on Myspace and the publicity resulted in airplay on BBC Radio 1 and a contract with Regal Recordings. Her first mainstream single, "Smile", reached number one on the UK Singles Chart in July 2006. Her debut record, Alright, Still, was well received, selling over 2.6 million copies worldwide and bringing Allen nominations at the Grammy Awards, the Brit Awards, and the MTV Video Music Awards.
true	deductive number	Lily Allen has sold millions of copies of her songs.	Her debut record, Alright, Still, was well received, selling over 2.6 million copies worldwide.	Lily Allen is an English singer-songwriter and actress. She is the daughter of actor Keith Allen and film producer Alison Owen. Her music career began in 2005 when she made some of her vocal recordings public on Myspace and the publicity resulted in airplay on BBC Radio 1 and a contract with Regal Recordings. Her first mainstream single, "Smile", reached number one on the UK Singles Chart in July 2006. Her debut record, Alright, Still, was well received, selling over 2.6 million copies worldwide and bringing Allen nominations at the Grammy Awards, the Brit Awards, and the MTV Video Music Awards.
true	deductive time	Lily Allen was born in the first half of the year.	Lily Allen (born 2 May 1985) is an English singer-songwriter and actress.	Lily Allen is an English singer-songwriter and actress. She is the daughter of actor Keith Allen and film producer Alison Owen. Her music career began in 2005 when she made some of her vocal recordings public on Myspace and the publicity resulted in airplay on BBC Radio 1 and a contract with Regal Recordings. Her first mainstream single, "Smile", reached number one on the UK Singles Chart in July 2006. Her debut record, Alright, Still, was well received, selling over 2.6 million copies worldwide and bringing Allen nominations at the Grammy Awards, the Brit Awards, and the MTV Video Music Awards.
true	deductive	Sally Field won many awards.	She has received many accolades throughout her career.	Sally Margaret Field (born November 6, 1946) is an American actress. Known for her extensive work on screen and stage, she has received many accolades throughout her career spanning over five decades, including two Academy Awards, two Golden Globe Awards, and three Primetime Emmy Awards, in addition to nominations for a Tony Award and two British Academy Film Awards. She was presented with a star on the Hollywood Walk of Fame in 2014, the National Medal of Arts in 2014, the Kennedy Center Honor in 2019, and the Screen Actors Guild Life Achievement Award in 2023.
true	deductive	Sally Field has acted in more than just films.	She is known for her extensive work on screen and stage.	Sally Margaret Field (born November 6, 1946) is an American actress. Known for her extensive work on screen and stage, she has received many accolades throughout her career spanning over five decades, including two Academy Awards, two Golden Globe Awards, and three Primetime Emmy Awards, in addition to nominations for a Tony Award and two British Academy Film Awards. She was presented with a star on the Hollywood Walk of Fame in 2014, the National Medal of Arts in 2014, the Kennedy Center Honor in 2019, and the Screen Actors Guild Life Achievement Award in 2023.
true	deductive number	Sally Field won at least 9 awards.	She has received two Academy Awards, two Golden Globe Awards, and three Primetime Emmy Awards, in addition to nominations for a Tony Award and two British Academy Film Awards. She was presented with a star on the Hollywood Walk of Fame in 2014, the National Medal of Arts in 2014, the Kennedy Center Honor in 2019, and the Screen Actors Guild Life Achievement Award in 2023.	Sally Margaret Field (born November 6, 1946) is an American actress. Known for her extensive work on screen and stage, she has received many accolades throughout her career spanning over five decades, including two Academy Awards, two Golden Globe Awards, and three Primetime Emmy Awards, in addition to nominations for a Tony Award and two British Academy Film Awards. She was presented with a star on the Hollywood Walk of Fame in 2014, the National Medal of Arts in 2014, the Kennedy Center Honor in 2019, and the Screen Actors Guild Life Achievement Award in 2023.
true	deductive time	Sally Field won an award in 2014.	She was presented with a star on the Hollywood Walk of Fame in 2014.	Sally Margaret Field (born November 6, 1946) is an American actress. Known for her extensive work on screen and stage, she has received many accolades throughout her career spanning over five decades, including two Academy Awards, two Golden Globe Awards, and three Primetime Emmy Awards, in addition to nominations for a Tony Award and two British Academy Film Awards. She was presented with a star on the Hollywood Walk of Fame in 2014, the National Medal of Arts in 2014, the Kennedy Center Honor in 2019, and the Screen Actors Guild Life Achievement Award in 2023.
false	deductive	Cavani is a goalkeeper.	Cavani Gómez is an Uruguayan professional footballer who plays as a striker.	Edinson Roberto Cavani Gómez (born 14 February 1987) is an Uruguayan professional footballer who plays as a striker for Argentine Primera División club Boca Juniors and the Uruguay national team. He is nicknamed El Matador ("The Killer") or Cazador ("Hunter") for his clinical finishing as well as his celebration, in which he makes a gesture resembling a bow and arrow. Cavani is considered one of the best strikers of his generation and one of Uruguay's greatest players.
false	???	Cavani injured an opposing player with a bow.	Cavani is known for his clinical finishing as well as his celebration, in which he makes a gesture resembling a bow and arrow. 	Edinson Roberto Cavani Gómez (born 14 February 1987) is an Uruguayan professional footballer who plays as a striker for Argentine Primera División club Boca Juniors and the Uruguay national team. He is nicknamed El Matador ("The Killer") or Cazador ("Hunter") for his clinical finishing as well as his celebration, in which he makes a gesture resembling a bow and arrow. Cavani is considered one of the best strikers of his generation and one of Uruguay's greatest players.
false	deductive number	Cavani is younger than 30.	Cavani was born on 14 February 1987.	Edinson Roberto Cavani Gómez (born 14 February 1987) is an Uruguayan professional footballer who plays as a striker for Argentine Primera División club Boca Juniors and the Uruguay national team. He is nicknamed El Matador ("The Killer") or Cazador ("Hunter") for his clinical finishing as well as his celebration, in which he makes a gesture resembling a bow and arrow. Cavani is considered one of the best strikers of his generation and one of Uruguay's greatest players.
false	deductive time	Cavani was born on an odd numbered day.	Cavani was born on 14 February 1987.	Edinson Roberto Cavani Gómez (born 14 February 1987) is an Uruguayan professional footballer who plays as a striker for Argentine Primera División club Boca Juniors and the Uruguay national team. He is nicknamed El Matador ("The Killer") or Cazador ("Hunter") for his clinical finishing as well as his celebration, in which he makes a gesture resembling a bow and arrow. Cavani is considered one of the best strikers of his generation and one of Uruguay's greatest players.
false	deductive	Tom Felton is a Spanish actor.	Tom Felton is an English actor.	Thomas Andrew Felton (born 22 September 1987) is an English actor best known for playing Draco Malfoy in the film adaptations of the Harry Potter fantasy novels by J. K. Rowling.
false	deductive	Tom Felton's only role in the Harry Potter movies was as a centaur.	Tom Felton is an English actor best known for playing Draco Malfoy in the film adaptations of Harry Potter.	Thomas Andrew Felton (born 22 September 1987) is an English actor best known for playing Draco Malfoy in the film adaptations of the Harry Potter fantasy novels by J. K. Rowling.
false	deductive time	Tom Felton was born after the last Harry Potter movie released.	Tom Felton is an English actor best known for playing Draco Malfoy in the film adaptations of Harry Potter.	Thomas Andrew Felton (born 22 September 1987) is an English actor best known for playing Draco Malfoy in the film adaptations of the Harry Potter fantasy novels by J. K. Rowling.
false	deductive time	Tom Felton was born in the 6th month of the year.	Tom Felton was born on 22 September 1987.	Thomas Andrew Felton (born 22 September 1987) is an English actor best known for playing Draco Malfoy in the film adaptations of the Harry Potter fantasy novels by J. K. Rowling.
false	deductive	The Crown is about Queen Victoria.	The Crown is a historical drama television series about the reign of Queen Elizabeth II.	The Crown is a historical drama television series about the reign of Queen Elizabeth II, created and principally written by Peter Morgan and produced by Left Bank Pictures and Sony Pictures Television for Netflix. Morgan developed it from his drama film The Queen (2006) and especially his stage play The Audience (2013). The first season covers the period from Elizabeth's marriage to Philip, Duke of Edinburgh, in 1947 to the disintegration of her sister Princess Margaret's engagement to Group Captain Peter Townsend in 1955. The second season covers the period from the Suez Crisis in 1956 to the retirement of Prime Minister Harold Macmillan in 1963 and the birth of Prince Edward in 1964. The third season spans 1964 to 1977, includes Harold Wilson's two periods as prime minister, and introduces Camilla Shand. The fourth season spans 1979 to 1990 and includes Margaret Thatcher's tenure as prime minister and Prince Charles' marriage to Lady Diana Spencer. The fifth season spans 1991 to 1997 and covers John Major's tenure as prime minister and the breakdown of Charles and Diana's marriage. The sixth season, which will close the series, will cover the Queen's reign into the 21st century.
false	abductive	The Crown does not showcase much of royal life.	The Crown is a historical drama television series about the reign of Queen Elizabeth II.	The Crown is a historical drama television series about the reign of Queen Elizabeth II, created and principally written by Peter Morgan and produced by Left Bank Pictures and Sony Pictures Television for Netflix. Morgan developed it from his drama film The Queen (2006) and especially his stage play The Audience (2013). The first season covers the period from Elizabeth's marriage to Philip, Duke of Edinburgh, in 1947 to the disintegration of her sister Princess Margaret's engagement to Group Captain Peter Townsend in 1955. The second season covers the period from the Suez Crisis in 1956 to the retirement of Prime Minister Harold Macmillan in 1963 and the birth of Prince Edward in 1964. The third season spans 1964 to 1977, includes Harold Wilson's two periods as prime minister, and introduces Camilla Shand. The fourth season spans 1979 to 1990 and includes Margaret Thatcher's tenure as prime minister and Prince Charles' marriage to Lady Diana Spencer. The fifth season spans 1991 to 1997 and covers John Major's tenure as prime minister and the breakdown of Charles and Diana's marriage. The sixth season, which will close the series, will cover the Queen's reign into the 21st century.
false	deductive number	The Crown was cancelled after two seasons.	The sixth season, which will close the series, will cover the Queen's reign into the 21st century.	The Crown is a historical drama television series about the reign of Queen Elizabeth II, created and principally written by Peter Morgan and produced by Left Bank Pictures and Sony Pictures Television for Netflix. Morgan developed it from his drama film The Queen (2006) and especially his stage play The Audience (2013). The first season covers the period from Elizabeth's marriage to Philip, Duke of Edinburgh, in 1947 to the disintegration of her sister Princess Margaret's engagement to Group Captain Peter Townsend in 1955. The second season covers the period from the Suez Crisis in 1956 to the retirement of Prime Minister Harold Macmillan in 1963 and the birth of Prince Edward in 1964. The third season spans 1964 to 1977, includes Harold Wilson's two periods as prime minister, and introduces Camilla Shand. The fourth season spans 1979 to 1990 and includes Margaret Thatcher's tenure as prime minister and Prince Charles' marriage to Lady Diana Spencer. The fifth season spans 1991 to 1997 and covers John Major's tenure as prime minister and the breakdown of Charles and Diana's marriage. The sixth season, which will close the series, will cover the Queen's reign into the 21st century.
false	deductive time	The Crown television series only covers past centuries.	The sixth season, which will close the series, will cover the Queen's reign into the 21st century.	The Crown is a historical drama television series about the reign of Queen Elizabeth II, created and principally written by Peter Morgan and produced by Left Bank Pictures and Sony Pictures Television for Netflix. Morgan developed it from his drama film The Queen (2006) and especially his stage play The Audience (2013). The first season covers the period from Elizabeth's marriage to Philip, Duke of Edinburgh, in 1947 to the disintegration of her sister Princess Margaret's engagement to Group Captain Peter Townsend in 1955. The second season covers the period from the Suez Crisis in 1956 to the retirement of Prime Minister Harold Macmillan in 1963 and the birth of Prince Edward in 1964. The third season spans 1964 to 1977, includes Harold Wilson's two periods as prime minister, and introduces Camilla Shand. The fourth season spans 1979 to 1990 and includes Margaret Thatcher's tenure as prime minister and Prince Charles' marriage to Lady Diana Spencer. The fifth season spans 1991 to 1997 and covers John Major's tenure as prime minister and the breakdown of Charles and Diana's marriage. The sixth season, which will close the series, will cover the Queen's reign into the 21st century.
false	???	The characters in The White Lotus have little difficulty in getting along.	The White Lotus follows the guests and employees of the fictional White Lotus resort chain, whose interactions are affected by their various psychosocial dysfunctions.	The White Lotus is an American black comedy-drama anthology television series created by Mike White for HBO. It follows the guests and employees of the fictional White Lotus resort chain, whose interactions are affected by their various psychosocial dysfunctions. The press release notes that "each passing day, a darker complexity emerges in these picture-perfect travelers, the hotel's cheerful employees, and the idyllic locale itself". The first two seasons are set in Hawaii and Sicily respectively.
false	deductive	The White Lotus is primarily set on a cruise ship.	The White Lotus follows the guests and employees of the fictional White Lotus resort chain.	The White Lotus is an American black comedy-drama anthology television series created by Mike White for HBO. It follows the guests and employees of the fictional White Lotus resort chain, whose interactions are affected by their various psychosocial dysfunctions. The press release notes that "each passing day, a darker complexity emerges in these picture-perfect travelers, the hotel's cheerful employees, and the idyllic locale itself". The first two seasons are set in Hawaii and Sicily respectively.
false	deductive number	The White Lotus has more than two dozen episodes in its first two seasons.	The first two seasons, totalling 13 episodes, are set in Hawaii and Sicily respectively.	The White Lotus is an American black comedy-drama anthology television series created by Mike White for HBO. It follows the guests and employees of the fictional White Lotus resort chain, whose interactions are affected by their various psychosocial dysfunctions. The press release notes that "each passing day, a darker complexity emerges in these picture-perfect travelers, the hotel's cheerful employees, and the idyllic locale itself". The first two seasons, totalling 13 episodes, are set in Hawaii and Sicily respectively.
false	deductive time	The White Lotus was released before 2020.	The White Lotus premiered on July 11, 2021, to critical acclaim and high ratings.	Intended as a six-part limited series, The White Lotus premiered on July 11, 2021, to critical acclaim and high ratings. The show's success led to HBO renewing it as an anthology series; a second season premiered on October 30, 2022. In November 2022, the series was renewed for a third season. While no official announcement has been made, Variety reports that the third season will be filmed in Thailand, and that Natasha Rothwell will reprise her role as Belinda from the first season.
false	deductive	A monthly subscription is required to use Tor.	Tor, short for "The Onion Router," is free and open-source software.	Tor, short for "The Onion Router," is free and open-source software for enabling anonymous communication. It directs Internet traffic via a free, worldwide, volunteer overlay network that consists of more than seven thousand relays.
false	deductive	Tor is named after a fruit.	Tor, short for "The Onion Router," is free and open-source software 	Tor, short for "The Onion Router," is free and open-source software for enabling anonymous communication. It directs Internet traffic via a free, worldwide, volunteer overlay network that consists of more than seven thousand relays.
false	deductive number	Over 9000 relays are used by Tor.	Tor directs Internet traffic via a free, worldwide, volunteer overlay network that consists of more than seven thousand relays.	Tor, short for "The Onion Router," is free and open-source software for enabling anonymous communication. It directs Internet traffic via a free, worldwide, volunteer overlay network that consists of more than seven thousand relays.
false	deductive time	Tor software existed during the 20th century.	Tor was released shortly after the turn of the millennium.	Tor, short for "The Onion Router," is free and open-source software for enabling anonymous communication. It was released shortly after the turn of the millennium. It directs Internet traffic via a free, worldwide, volunteer overlay network that consists of more than seven thousand relays.
unverified	unverified	Son Ye-jin has never caught a cold.	Son Ye-jin (born Son Eon-jin on January 11, 1982) is a South Korean actress.	Son Ye-jin (born Son Eon-jin on January 11, 1982) is a South Korean actress. She rose to fame in 2003 for The Classic and Summer Scent, which were followed by the commercially successful A Moment to Remember (2004) and April Snow (2005). Her early roles in films garnered her the title "Nation's First Love" in Korea. She since has won various acting recognitions and acted in high-profile films including My Wife Got Married (2008), The Pirates (2014), the 2016 films The Truth Beneath and The Last Princess, and The Negotiation (2018). She has also acted in the successful television dramas Alone in Love (2006), Personal Taste (2010), Something in the Rain (2018), Crash Landing on You (2019–2020), and Thirty-Nine (2022).
unverified	unverified	Son Ye-jin is loved by every South Korean citizen.	She rose to fame in 2003 for The Classic and Summer Scent.	Son Ye-jin (born Son Eon-jin on January 11, 1982) is a South Korean actress. She rose to fame in 2003 for The Classic and Summer Scent, which were followed by the commercially successful A Moment to Remember (2004) and April Snow (2005). Her early roles in films garnered her the title "Nation's First Love" in Korea. She since has won various acting recognitions and acted in high-profile films including My Wife Got Married (2008), The Pirates (2014), the 2016 films The Truth Beneath and The Last Princess, and The Negotiation (2018). She has also acted in the successful television dramas Alone in Love (2006), Personal Taste (2010), Something in the Rain (2018), Crash Landing on You (2019–2020), and Thirty-Nine (2022).
unverified	unverified number	Son Ye-jin has acted in hundreds of films.	She since has won various acting recognitions and acted in high-profile films including My Wife Got Married (2008), The Pirates (2014), the 2016 films The Truth Beneath and The Last Princess, and The Negotiation (2018). She has also acted in the successful television dramas Alone in Love (2006), Personal Taste (2010), Something in the Rain (2018), Crash Landing on You (2019–2020), and Thirty-Nine (2022).	Son Ye-jin (born Son Eon-jin on January 11, 1982) is a South Korean actress. She rose to fame in 2003 for The Classic and Summer Scent, which were followed by the commercially successful A Moment to Remember (2004) and April Snow (2005). Her early roles in films garnered her the title "Nation's First Love" in Korea. She since has won various acting recognitions and acted in high-profile films including My Wife Got Married (2008), The Pirates (2014), the 2016 films The Truth Beneath and The Last Princess, and The Negotiation (2018). She has also acted in the successful television dramas Alone in Love (2006), Personal Taste (2010), Something in the Rain (2018), Crash Landing on You (2019–2020), and Thirty-Nine (2022).
unverified	unverified time	Son Ye-jin, a South Korean actress, is now retired.	She since has won various acting recognitions and acted in high-profile films including My Wife Got Married (2008), The Pirates (2014), the 2016 films The Truth Beneath and The Last Princess, and The Negotiation (2018). She has also acted in the successful television dramas Alone in Love (2006), Personal Taste (2010), Something in the Rain (2018), Crash Landing on You (2019–2020), and Thirty-Nine (2022).	Son Ye-jin (born Son Eon-jin on January 11, 1982) is a South Korean actress. She rose to fame in 2003 for The Classic and Summer Scent, which were followed by the commercially successful A Moment to Remember (2004) and April Snow (2005). Her early roles in films garnered her the title "Nation's First Love" in Korea. She since has won various acting recognitions and acted in high-profile films including My Wife Got Married (2008), The Pirates (2014), the 2016 films The Truth Beneath and The Last Princess, and The Negotiation (2018). She has also acted in the successful television dramas Alone in Love (2006), Personal Taste (2010), Something in the Rain (2018), Crash Landing on You (2019–2020), and Thirty-Nine (2022).
unverified	unverified	Begium used to be a member of be.	BRICS is a grouping of the world economies of Brazil, Russia, India, China and South Africa formed by the 2010 addition of South Africa to the predecessor BRIC.	BRICS is a grouping of the world economies of Brazil, Russia, India, China and South Africa formed by the 2010 addition of South Africa to the predecessor BRIC. The original acronym "BRIC" (or "the BRICs") was coined in 2001 by Goldman Sachs economist Jim O'Neill to describe fast-growing economies that would collectively dominate the global economy by 2050.
unverified	unverified	BRICS countries are popular tourist destinations.	BRICS is a grouping of the world economies of Brazil, Russia, India, China and South Africa formed by the 2010 addition of South Africa to the predecessor BRIC.	BRICS is a grouping of the world economies of Brazil, Russia, India, China and South Africa formed by the 2010 addition of South Africa to the predecessor BRIC. The original acronym "BRIC" (or "the BRICs") was coined in 2001 by Goldman Sachs economist Jim O'Neill to describe fast-growing economies that would collectively dominate the global economy by 2050.
unverified	unverified number	There are many BRICS countries.	The original acronym "BRIC" (or "the BRICs") was coined in 2001 by Goldman Sachs economist Jim O'Neill to describe fast-growing economies that would collectively dominate the global economy by 2050.	BRICS is a grouping of the world economies of Brazil, Russia, India, China and South Africa formed by the 2010 addition of South Africa to the predecessor BRIC. The original acronym "BRIC" (or "the BRICs") was coined in 2001 by Goldman Sachs economist Jim O'Neill to describe fast-growing economies that would collectively dominate the global economy by 2050.
unverified	unverified time	BRICS is now a defunct term.	The original acronym "BRIC" (or "the BRICs") was coined in 2001.	BRICS is a grouping of the world economies of Brazil, Russia, India, China and South Africa formed by the 2010 addition of South Africa to the predecessor BRIC. The original acronym "BRIC" (or "the BRICs") was coined in 2001 by Goldman Sachs economist Jim O'Neill to describe fast-growing economies that would collectively dominate the global economy by 2050.
unverified	unverified	Aileen was a good singer.	Aileen Carol Wuornos was an American serial killer.	Aileen Carol Wuornos (February 29, 1956 – October 9, 2002) was an American serial killer. In 1989–1990, while engaging in street prostitution along highways in Florida, she shot dead and robbed seven of her male clients. Wuornos claimed that her clients had either raped or attempted to rape her, and that the homicides of the men were committed in self-defense. Wuornos was sentenced to death for six of the murders. She was executed on October 9, 2002 by lethal injection after spending more than 10 years on Florida's death row.
unverified	unverified	Aileen was at one point married.	Wuornos claimed that her clients had either raped or attempted to rape her, and that the homicides of the men were committed in self-defense.	Aileen Carol Wuornos (February 29, 1956 – October 9, 2002) was an American serial killer. In 1989–1990, while engaging in street prostitution along highways in Florida, she shot dead and robbed seven of her male clients. Wuornos claimed that her clients had either raped or attempted to rape her, and that the homicides of the men were committed in self-defense. Wuornos was sentenced to death for six of the murders. She was executed on October 9, 2002 by lethal injection after spending more than 10 years on Florida's death row.
unverified	unverified number	Aileen had 2 children, Alice and Dean.	Wuornos claimed that her clients had either raped or attempted to rape her, and that the homicides of the men were committed in self-defense. 	Aileen Carol Wuornos (February 29, 1956 – October 9, 2002) was an American serial killer. In 1989–1990, while engaging in street prostitution along highways in Florida, she shot dead and robbed seven of her male clients. Wuornos claimed that her clients had either raped or attempted to rape her, and that the homicides of the men were committed in self-defense. Wuornos was sentenced to death for six of the murders. She was executed on October 9, 2002 by lethal injection after spending more than 10 years on Florida's death row.
unverified	unverified time	Aileen spent over half her life in prison.	She was executed on October 9, 2002 by lethal injection after spending more than 10 years on Florida's death row.	Aileen Carol Wuornos (February 29, 1956 – October 9, 2002) was an American serial killer. In 1989–1990, while engaging in street prostitution along highways in Florida, she shot dead and robbed seven of her male clients. Wuornos claimed that her clients had either raped or attempted to rape her, and that the homicides of the men were committed in self-defense. Wuornos was sentenced to death for six of the murders. She was executed on October 9, 2002 by lethal injection after spending more than 10 years on Florida's death row.
unverified	unverified	Argentina is a wealthy country.	Argentina, officially the Argentine Republic, is a country in the southern half of South America. Argentina covers an area of 2,780,400 km2 (1,073,500 sq mi).	Argentina, officially the Argentine Republic, is a country in the southern half of South America. Argentina covers an area of 2,780,400 km2 (1,073,500 sq mi), making it the second-largest country in South America after Brazil, the fourth-largest country in the Americas, and the eighth-largest country in the world. It shares the bulk of the Southern Cone with Chile to the west, and is also bordered by Bolivia and Paraguay to the north, Brazil to the northeast, Uruguay and the South Atlantic Ocean to the east, and the Drake Passage to the south. Argentina is a federal state subdivided into twenty-three provinces, and one autonomous city, which is the federal capital and largest city of the nation, Buenos Aires. The provinces and the capital have their own constitutions, but exist under a federal system. Argentina claims sovereignty over the Falkland Islands, South Georgia and the South Sandwich Islands, and a part of Antarctica.
unverified	unverified	Most Argentinians prefer pizza over pasta.	Argentina claims sovereignty over the Falkland Islands, South Georgia and the South Sandwich Islands, and a part of Antarctica.	Argentina, officially the Argentine Republic, is a country in the southern half of South America. Argentina covers an area of 2,780,400 km2 (1,073,500 sq mi), making it the second-largest country in South America after Brazil, the fourth-largest country in the Americas, and the eighth-largest country in the world. It shares the bulk of the Southern Cone with Chile to the west, and is also bordered by Bolivia and Paraguay to the north, Brazil to the northeast, Uruguay and the South Atlantic Ocean to the east, and the Drake Passage to the south. Argentina is a federal state subdivided into twenty-three provinces, and one autonomous city, which is the federal capital and largest city of the nation, Buenos Aires. The provinces and the capital have their own constitutions, but exist under a federal system. Argentina claims sovereignty over the Falkland Islands, South Georgia and the South Sandwich Islands, and a part of Antarctica.
unverified	unverified number	Over 50 million people live in Argentina.	Argentina, officially the Argentine Republic, is a country in the southern half of South America. Argentina covers an area of 2,780,400 km2 (1,073,500 sq mi).	Argentina, officially the Argentine Republic, is a country in the southern half of South America. Argentina covers an area of 2,780,400 km2 (1,073,500 sq mi), making it the second-largest country in South America after Brazil, the fourth-largest country in the Americas, and the eighth-largest country in the world. It shares the bulk of the Southern Cone with Chile to the west, and is also bordered by Bolivia and Paraguay to the north, Brazil to the northeast, Uruguay and the South Atlantic Ocean to the east, and the Drake Passage to the south. Argentina is a federal state subdivided into twenty-three provinces, and one autonomous city, which is the federal capital and largest city of the nation, Buenos Aires. The provinces and the capital have their own constitutions, but exist under a federal system. Argentina claims sovereignty over the Falkland Islands, South Georgia and the South Sandwich Islands, and a part of Antarctica.
unverified	unverified time	Argentina recently won the world cup.	Argentina claims sovereignty over the Falkland Islands, South Georgia and the South Sandwich Islands, and a part of Antarctica.	Argentina, officially the Argentine Republic, is a country in the southern half of South America. Argentina covers an area of 2,780,400 km2 (1,073,500 sq mi), making it the second-largest country in South America after Brazil, the fourth-largest country in the Americas, and the eighth-largest country in the world. It shares the bulk of the Southern Cone with Chile to the west, and is also bordered by Bolivia and Paraguay to the north, Brazil to the northeast, Uruguay and the South Atlantic Ocean to the east, and the Drake Passage to the south. Argentina is a federal state subdivided into twenty-three provinces, and one autonomous city, which is the federal capital and largest city of the nation, Buenos Aires. The provinces and the capital have their own constitutions, but exist under a federal system. Argentina claims sovereignty over the Falkland Islands, South Georgia and the South Sandwich Islands, and a part of Antarctica.
unverified	unverified	Artemis enjoys getting drunk.	In ancient Greek religion and mythology, Artemis is the goddess of the hunt, the wilderness, wild animals, nature, vegetation, childbirth, care of children, and chastity.	In ancient Greek religion and mythology, Artemis is the goddess of the hunt, the wilderness, wild animals, nature, vegetation, childbirth, care of children, and chastity. In later times, in some places, she was identified with Selene, the personification of the Moon. She often roamed the forests of Greece, attended by her large entourage, mostly made up of nymphs, some mortals, and hunters. The goddess Diana is her Roman equivalent.
unverified	unverified	Artemis lives on Mount Olympus.	She often roamed the forests of Greece, attended by her large entourage, mostly made up of nymphs, some mortals, and hunters.	In ancient Greek religion and mythology, Artemis is the goddess of the hunt, the wilderness, wild animals, nature, vegetation, childbirth, care of children, and chastity. In later times, in some places, she was identified with Selene, the personification of the Moon. She often roamed the forests of Greece, attended by her large entourage, mostly made up of nymphs, some mortals, and hunters. The goddess Diana is her Roman equivalent.
unverified	unverified number	Artemis owns a large.	She often roamed the forests of Greece, attended by her large entourage, mostly made up of nymphs, some mortals, and hunters.	In ancient Greek religion and mythology, Artemis is the goddess of the hunt, the wilderness, wild animals, nature, vegetation, childbirth, care of children, and chastity. In later times, in some places, she was identified with Selene, the personification of the Moon. She often roamed the forests of Greece, attended by her large entourage, mostly made up of nymphs, some mortals, and hunters. The goddess Diana is her Roman equivalent.
unverified	unverified time	Artemis was born before the start of the Roman Empire.	The goddess Diana is her Roman equivalent.	In ancient Greek religion and mythology, Artemis is the goddess of the hunt, the wilderness, wild animals, nature, vegetation, childbirth, care of children, and chastity. In later times, in some places, she was identified with Selene, the personification of the Moon. She often roamed the forests of Greece, attended by her large entourage, mostly made up of nymphs, some mortals, and hunters. The goddess Diana is her Roman equivalent.